Mat Number,Date Saved
8103,2025-07-08
8105,2025-07-08
8102,2025-07-08
8105,2025-07-08
8106,9
test,???????????????????????????????????????????????????????????????
test,
8103,???????????????????????????????????????????????????????????????
100,2025-07-07
1234,2025-07-27
4321,2025-07-27
test,2025-07-27
test,2025-07-27
1234,???????????????????????????????????????????????????????????????
333,2025-07-27
test,2025-07-27
test,2025-07-27
te,????????????????2025-07-27
test,2025-07-30
test,2025-07-30
test,???????????????????????????????????????????????????????????????
test,	
test1,2025-08-25
test,2025-08-25
0000,2025-08-25
test1,2025-08-31
test,2025-08-31
0000,2025-08-31
0000,0
1234,2025-08-25
1234,2025-08-31
0000,2025-08-31
0000,2025-08-31
1234,2025-09-14
1234,2025-09-17
1111,2025-09-21
1111,2025-09-21
1111,2025-09-21
8206,2025-09-21
8202,2025-09-21
1111,2025-09-21
8203,2025-09-21
8202,2025-09-21
8206,2025-09-21
8200,2025-09-21
8201,2025-09-21
11,2025-09-21
8207,2025-09-21
11,2025-09-21
8205,2025-09-21
8204,2025-09-21
8206,2025-09-21
8208,2025-09-21
2008,2025-10-19
8201,2025-10-19
8208,2025-10-19
8209,2025-10-19
8200,2025-10-19
8210,2025-10-19
8200,2025-10-19
8200,2025-10-19
8200,2025-10-19
8208,2025-10-19
8200,2025-10-19
8208,2025-10-19
8200,2025-10-19
8200,2025-10-19
8208,2025-10-19
8209,2025-10-19
8209,2025-10-19
8200,2025-10-19
8210,2025-10-19
8200,2025-10-19
8211,2025-10-19
8216,2025-10-19
8217,2025-10-19
1234,2025-10-19
